[
		{
			"author": "BBC News",
			"title": "Aleppo battle: Rebels 'to leave' - Russian ambassador",
			"description": "A deal is agreed for Syrian rebel fighters to leave eastern Aleppo, Russia's UN ambassador says.",
			"url": "http://www.bbc.co.uk/news/world-middle-east-38308883",
			"urlToImage": "http://ichef-1.bbci.co.uk/news/1024/cpsprodpb/111C5/production/_92958007_mediaitem92958006.jpg",
			"publishedAt": "2016-12-13T18:11:45Z",
      "category_id": "sport"
		},
		{
			"author": "BBC News",
			"title": "Aleppo: George Osborne attacks 'vacuum' of Western leadership",
			"description": "George Osborne says a \"vacuum of Western leadership\" helped lead to the situation in Syria.",
			"url": "http://www.bbc.co.uk/news/uk-politics-38305413",
			"urlToImage": "http://ichef-1.bbci.co.uk/news/1024/cpsprodpb/17C5F/production/_92957379_mediaitem92957376.jpg",
			"publishedAt": "2016-12-13T17:11:01Z",
      "category_id": "sport"
		},
		{
			"author": "BBC News",
			"title": "Talks to halt Southern strike announced",
			"description": "Rail bosses and union chiefs agree to hold talks in a bid to resolve the long-running Southern rail dispute.",
			"url": "http://www.bbc.co.uk/news/uk-england-38308461",
			"urlToImage": "http://ichef-1.bbci.co.uk/news/1024/cpsprodpb/146D0/production/_92946638_mediaitem92946637.jpg",
			"publishedAt": "2016-12-13T17:45:45Z",
      "category_id": "finance"
		},
		{
			"author": "BBC News",
			"title": "Southern Rail chaos: Commuters video blog journeys",
			"description": "Four Southern Rail passengers video blog their mornings during the strike action.",
			"url": "http://www.bbc.co.uk/news/uk-38302009",
			"urlToImage": "http://ichef-1.bbci.co.uk/news/1024/cpsprodpb/185A1/production/_92954799_comprail.gif",
			"publishedAt": "2016-12-13T14:56:08Z",
      "category_id": "weather"
		},
		{
			"author": "BBC News",
			"title": "Nine convicted over student visa English test plot",
			"description": "Nine people are convicted of an immigration fraud linked to English language tests used for student visas.",
			"url": "http://www.bbc.co.uk/news/uk-38225712",
			"urlToImage": "http://ichef.bbci.co.uk/news/1024/cpsprodpb/FF69/production/_92858356_onlinevideoposterimage.jpg",
			"publishedAt": "2016-12-13T17:46:15Z",
      "category_id": "finance"
		},
		{
			"author": "BBC News",
			"title": "Met Police football abuse inquiry covers 30 clubs",
			"description": "Police receive 106 sex abuse allegations relating to 30 London football clubs, including four in the Premier League.",
			"url": "http://www.bbc.co.uk/news/uk-38308502",
			"urlToImage": "http://ichef.bbci.co.uk/news/1024/cpsprodpb/3655/production/_92790931_fb_ts.jpg",
			"publishedAt": "2016-12-13T18:13:06Z",
      "category_id": "sport"
		},
		{
			"author": "BBC News",
			"title": "'Huge concern' as teen moped crime in London rises",
			"description": "Crime involving mopeds has gone up by more than 600 per cent in London in the past two years, BBC London can reveal.",
			"url": "http://www.bbc.co.uk/news/uk-england-london-38294358",
			"urlToImage": "http://ichef-1.bbci.co.uk/news/1024/cpsprodpb/1498C/production/_92946348_mediaitem82500204.jpg",
			"publishedAt": "2016-12-13T14:13:16Z",
      "category_id": "money"
		},
		{
			"author": "BBC News",
			"title": "'Huge concern' as teen moped crime in London rises",
			"description": "Crime involving mopeds has gone up by more than 600 per cent in London in the past two years, BBC London can reveal.",
			"url": "http://www.bbc.co.uk/news/uk-england-london-38294358",
			"urlToImage": "http://ichef-1.bbci.co.uk/news/1024/cpsprodpb/1498C/production/_92946348_mediaitem82500204.jpg",
			"publishedAt": "2016-12-13T14:13:16Z",
      "category_id": "money"
		},
		{
			"author": "BBC News",
			"title": "UK inflation at two-year high as clothing prices rise",
			"description": "The biggest rise in clothing prices in six years helps push the UK inflation rate up to 1.2% in November.",
			"url": "http://www.bbc.co.uk/news/business-38300919",
			"urlToImage": "http://ichef-1.bbci.co.uk/news/1024/cpsprodpb/10602/production/_92947076_hi036428493.jpg",
			"publishedAt": "2016-12-13T13:28:37Z",
      "category_id": "sport"
		},
		{
			"author": "BBC News",
			"title": "Trump picks Exxon chief Rex Tillerson for secretary of state",
			"description": "A top energy executive with strong ties to Russia is lined up as US secretary of state.",
			"url": "http://www.bbc.co.uk/news/world-us-canada-38301686",
			"urlToImage": "http://ichef-1.bbci.co.uk/news/1024/cpsprodpb/16445/production/_92950219_mediaitem92950214.jpg",
			"publishedAt": "2016-12-13T15:45:16Z",
      "category_id": "weather"
		}
	]